{
   "description": "This file is generated by qmake to be read by androiddeployqt and should not be modified by hand.",
   "qt": "D:/qt-android/5.13.2/android_armv7",
   "sdk": "D:/android-sdk/android-sdk_r24.4.1-windows/android-sdk-windows",
   "sdkBuildToolsRevision": "29.0.3",
   "ndk": "D:\\android-ndk\\android-ndk-r18b-windows-x86_64\\android-ndk-r18b",
   "toolchain-prefix": "llvm",
   "tool-prefix": "llvm",
   "toolchain-version": "4.9",
   "ndk-host": "windows-x86_64",
   "target-architecture": "armeabi-v7a",
   "qml-root-path": "F:/QT_CPP_CODE/android-blueteeth",
   "stdcpp-path": "D:\\android-ndk\\android-ndk-r18b-windows-x86_64\\android-ndk-r18b/sources/cxx-stl/llvm-libc++/libs/armeabi-v7a/libc++_shared.so",
   "useLLVM": true,
   "application-binary": "F:/QT_CPP_CODE/build-android-blueteeth-Android_for_armeabi_v7a_Clang_Qt_5_13_2_for_Android_ARMv7-Release/libandroid-blueteeth.so"
}
